Cluster order	Unique identifier	Protein	Description	Symbol	Residue	Localization probability	Sequence window (-15, +15)	Tryptic phosphopeptides with phosphorylation localization probability
1	UID3637	AT5G10360.1	Ribosomal protein S6e;Ribosomal protein S6e	RPS6B	S240	0.909618	RDRRSESLAKKRSRLS*SAPAKPVAA______	LS(0.91)S(0.09)APAKPVAA
2	UID8941	AT5G21160.1	LA RNA-binding protein;LA RNA-binding protein;LA RNA-binding protein	Larp1a	S644	0.979371	LSKLSSSPQCTLSGSS*PPVGSLPKSFPPFQH	LSSSPQCTLS(0.001)GS(0.02)S(0.979)PPVGSLPK
3	UID5531	AT1G29400.2	MEI2-like protein 5;MEI2-like protein 5	AML5	S384	1	NSPVEGSPLQSVLSRS*PVFGLSPTRNGHLSG	S(1)PVFGLS(0.975)PT(0.025)R
4	UID5532	AT1G29400.2	MEI2-like protein 5;MEI2-like protein 5	AML5	S390	0.975585	SPLQSVLSRSPVFGLS*PTRNGHLSGLASALN	S(1)PVFGLS(0.976)PT(0.024)R
5	UID2539	AT3G49590.2	Autophagy-related protein 13;Autophagy-related protein 13;Autophagy-related protein 13	ATG13	S248	0.999994	AHITLPPRIITDYVGS*PATDPMRFFPSPGRS	IITDYVGS(1)PAT(1)DPMR
6	UID4087	AT5G42870.2	phosphatidic acid phosphohydrolase 2;phosphatidic acid phosphohydrolase 2	PAH2	S470	1	RKKDIFTDEMERLVGS*LPIMRLQNNDDMDAS	LVGS(1)LPIMR
7	UID4033	AT5G38640.1	NagB/RpiA/CoA transferase-like superfamily protein	eIF2B-d1 	S127	0.924839	HSRGSFVKSSVPVASS*LPGIGMDSMAAAKSS	SSVPVAS(0.075)S(0.925)LPGIGMDSMAAAK
8	UID13976	AT5G21160.1	LA RNA-binding protein;LA RNA-binding protein;LA RNA-binding protein	Larp1a	S649	0.999999	SSPQCTLSGSSPPVGS*LPKSFPPFQHPSHQL	LS(0.313)S(0.313)S(0.373)PQCTLS(0.063)GS(0.183)S(0.754)PPVGS(1)LPK
9	UID3947	AT5G23570.1	XS domain-containing protein / XS zinc finger domain-containing protein-related	SGS3	S37	0.983236	VEQLVQGLAGTRLASS*QDDGGEWEVISKKNK	LAS(0.017)S(0.983)QDDGGEWEVISK
10	UID13975	AT5G21160.1	LA RNA-binding protein;LA RNA-binding protein;LA RNA-binding protein	Larp1a	S644	0.979371	LSKLSSSPQCTLSGSS*PPVGSLPKSFPPFQH	LSSSPQCTLS(0.001)GS(0.02)S(0.979)PPVGSLPK
11	UID3333	AT4G31700.1	ribosomal protein S6;ribosomal protein S6	RPS6A	S240	0.988528	RDRRSESLAKKRSRLS*SAAAKPSVTA_____	LS(0.989)S(0.011)AAAKPSVTA
12	UID7573	AT3G49590.2	Autophagy-related protein 13;Autophagy-related protein 13;Autophagy-related protein 13	ATG13	S248	0.999994	AHITLPPRIITDYVGS*PATDPMRFFPSPGRS	IITDYVGS(1)PAT(1)DPMR
13	UID9858	AT3G49590.2	Autophagy-related protein 13;Autophagy-related protein 13;Autophagy-related protein 13	ATG13	T251	1	TLPPRIITDYVGSPAT*DPMRFFPSPGRSVEG	IITDYVGS(1)PAT(1)DPMR
14	UID2654	AT3G53930.1	Protein kinase superfamily protein;Protein kinase superfamily protein	ATG1b	S358	1	KSSYGFSVERREAALS*PLKNMDLSSRYSRVS	EAALS(1)PLK
15	UID1380	AT2G19810.1	CCCH-type zinc finger family protein	OZF1	S233	0.999953	SPRGDSDSSCSLLSRS*LGSNLGNDVVASLRN	S(1)LGSNLGNDVVASLR
16	UID3586	AT5G07290.1	MEI2-like 4	AML4	S536	0.999603	VRGVGVDGFNGGVIGS*PINQGSHRGNLNLWS	GVGVDGFNGGVIGS(1)PINQGSHR
17	UID442	AT1G24300.2	GYF domain-containing protein;GYF domain-containing protein	GIGYF2-like1	S449	0.999998	FTKSPVLDGSESVVGS*FEQDYMGKLQQPDVE	SPVLDGS(0.002)ES(0.998)VVGS(1)FEQDYMGK
18	UID624	AT1G43700.1	VIRE2-interacting protein 1	AtVIP1	S115	0.999432	PPKPEARFGRHVRSFS*VDSDFFDDLGVTEEK	S(0.001)FS(0.999)VDSDFFDDLGVTEEK
19	UID560	AT1G33050.3	unknown protein;FUNCTIONS IN: molecular_function unknown;INVOLVED IN: biological_process unknown;LOCATED IN: cellular_component unknown;EXPRESSED IN: 25 plant structures;EXPRESSED DURING: 15 growth stages;BEST Arabidopsis thaliana protein match is:		S167	0.814353	HKSLASGTKSMTSRRS*TDDLSGFRKLNPLAP	S(0.814)T(0.186)DDLSGFRK
20	UID4890	AT4G21660.1	Splicing factor 3B subunit 2	SF3B2	T118	0.905471	EKFNFREPLASEEDGT*KDESEEKEDVKKKVN	EPLAS(0.034)EEDGT(0.905)KDES(0.06)EEKEDVK
21	UID497	AT1G29400.2	MEI2-like protein 5;MEI2-like protein 5	AML5	S384	1	NSPVEGSPLQSVLSRS*PVFGLSPTRNGHLSG	S(1)PVFGLS(0.975)PT(0.025)R
22	UID4016	AT5G35980.1	yeast YAK1-related gene 1	YAK1	S847	0.971801	RRYAPNQAFSQVETGS*PPSNDPHARFGQHIP	YAPNQAFS(0.002)QVET(0.023)GS(0.972)PPS(0.003)NDPHAR
23	UID9068	AT5G38640.1	NagB/RpiA/CoA transferase-like superfamily protein	eIF2B-d1 	S88	0.998224	FPLRVAVAGAAASAVS*PSSFSYSSRRDFPDG	VAVAGAAASAVS(0.998)PS(0.001)SFSYSSR
24	UID12609	AT3G49590.2	Autophagy-related protein 13;Autophagy-related protein 13;Autophagy-related protein 13	ATG13	S404	0.997953	GRNPLPPFSPKSTRRS*PSSQDSLPGIALYRS	RS(0.998)PS(0.774)S(0.227)QDS(0.001)LPGIALYR
25	UID7577	AT3G49590.2	Autophagy-related protein 13;Autophagy-related protein 13;Autophagy-related protein 13	ATG13	S407	0.994054	PLPPFSPKSTRRSPSS*QDSLPGIALYRSSRS	S(0.494)PS(0.51)S(0.994)QDS(0.002)LPGIALYR
26	UID7575	AT3G49590.2	Autophagy-related protein 13;Autophagy-related protein 13;Autophagy-related protein 13	ATG13	S404	0.997953	GRNPLPPFSPKSTRRS*PSSQDSLPGIALYRS	RS(0.998)PS(0.774)S(0.227)QDS(0.001)LPGIALYR
27	UID7576	AT3G49590.2	Autophagy-related protein 13;Autophagy-related protein 13;Autophagy-related protein 13	ATG13	S406	0.791215	NPLPPFSPKSTRRSPS*SQDSLPGIALYRSSR	RS(0.911)PS(0.791)S(0.388)QDS(0.898)LPGIALY(0.011)R
28	UID2206	AT3G15040.1	Protein of unknown function, DUF584	S40-7	S204	0.999987	EEEGEMLPPHEIVARS*LAQSSLLSCSVLEGA	S(1)LAQSSLLSCSVLEGAGR
29	UID4015	AT5G35980.1	yeast YAK1-related gene 1;yeast YAK1-related gene 1	YAK1	S505	0.978348	VDHHPGEGHWFAAGLS*PHVSGRTRIPMHNSP	VDHHPGEGHWFAAGLS(0.978)PHVS(0.022)GR
30	UID7574	AT3G49590.2	Autophagy-related protein 13;Autophagy-related protein 13;Autophagy-related protein 13	ATG13	S397	1	SSNFSEPGRNPLPPFS*PKSTRRSPSSQDSLP	NPLPPFS(1)PK
31	UID2207	AT3G15040.1	Protein of unknown function, DUF584	S40-7	S214	0.982314	EIVARSLAQSSLLSCS*VLEGAGRTLKGRDLR	SLAQSSLLS(0.018)CS(0.982)VLEGAGR
32	UID2208	AT3G15040.1	Protein of unknown function, DUF584	S40-7	S157	0.999933	LPFSASFVGGGKYPQS*APVQVPLVSSAMMNR	YPQS(1)APVQVPLVSSAMMNR
33	UID2205	AT3G15040.1	Protein of unknown function, DUF584	S40-7	S147	0.998733	PTAPKPPQERLPFSAS*FVGGGKYPQSAPVQV	LPFS(0.001)AS(0.999)FVGGGK
34	UID1785	AT2G42890.3	MEI2-like 2;MEI2-like 2;MEI2-like 2	AML2	S498	0.996938	SSGFGTSSDHRYRWGS*PPQHMNYPGYTGVSS	WGS(0.997)PPQHMNY(0.003)PGYTGVSSSSSSTERPFTVR
35	UID2547	AT3G49590.2	Autophagy-related protein 13;Autophagy-related protein 13;Autophagy-related protein 13	ATG13	S268	0.980527	PMRFFPSPGRSVEGHS*FTGRAGRPPLTGSSA	SVEGHS(0.981)FT(0.019)GR
36	UID258	AT1G15200.1	protein-protein interaction regulator family protein;protein-protein interaction regulator family protein;protein-protein interaction regulator family protein;protein-protein interaction regulator family protein		S281	0.788618	PRIYYAPVKPLEEDTS*EVEQQKERTFLEWKA	IYYAPVKPLEEDT(0.211)S(0.789)EVEQQKER
37	UID179	AT1G08820.2	vamp/synaptobrevin-associated protein 27-2;vamp/synaptobrevin-associated protein 27-2	VAP27-2	S130	0.89524	IEENKLRVTLVPPSDS*PELSPINTPKQGAVF	VTLVPPS(0.075)DS(0.895)PELS(0.023)PINT(0.007)PK
38	UID2122	AT3G12280.2	retinoblastoma-related 1;retinoblastoma-related 1	RBR1	S375	0.992784	AVNITGVKRKIDALSS*PARTFISPLSPHKSP	IDALS(0.007)S(0.993)PAR
39	UID2369	AT3G23920.1	beta-amylase 1	BAM1	S31	0.97413	PIKSGEMTDSSLLSIS*PPSARMMTPKAMNRN	SGEMTDSSLLS(0.018)IS(0.974)PPS(0.007)AR
40	UID2469	AT3G46920.1	Protein kinase superfamily protein with octicosapeptide/Phox/Bem1p domain		S839	0.99968	SYHEPPIKVDEYAFNS*KGEVSRNDEMKQQST	VDEYAFNS(1)KGEVSR
41	UID2928	AT4G01290.2	unknown protein;FUNCTIONS IN: molecular_function unknown;INVOLVED IN: biological_process unknown;LOCATED IN: cellular_component unknown;EXPRESSED IN: 24 plant structures;EXPRESSED DURING: 15 growth stages;Has 1797 Blast hits to 1352 proteins in 216		S704	1	AMVSDAPGVPLRSERS*IGELSQRNQIRPDGP	S(1)IGELSQR
42	UID6164	AT1G79570.1	Protein kinase superfamily protein with octicosapeptide/Phox/Bem1p domain	PB1K2	S131	0.999973	STVENGTSDIERTNSS*LHEFGNKLNHVQSAP	T(0.001)NS(0.999)S(1)LHEFGNK
43	UID1722	AT2G39445.1	Phosphatidylinositol N-acetylglucosaminyltransferase, GPI19/PIG-P subunit		S27	0.994812	NIEEAHSVSSPRRVLS*FSKRNKQKPGFQDTD	RVLS(0.995)FS(0.005)K
44	UID231	AT1G13170.1	OSBP(oxysterol binding protein)-related protein 1D;OSBP(oxysterol binding protein)-related protein 1D	ORP1D	S236	0.999999	VEAFQVAKDLFPRVAS*GDILPSEDAVVSTEK	VAS(1)GDILPSEDAVVSTEK
45	UID1584	AT2G32910.1	DCD (Development and Cell Death) domain protein		S237	1	GMDKESAIDKRDVGAS*PGGNLIVAKKAIDGS	DVGAS(1)PGGNLIVAK
46	UID4076	AT5G41600.1	VIRB2-interacting protein 3	BTI3	S31	1	VEKIHGHGDSSSLSDS*DDDKKSTSSSSSSFK	IHGHGDSSSLS(1)DS(1)DDDKK
47	UID1205	AT2G02000.1	glutamate decarboxylase 3	GAD3	S10	0.997066	______MVLSKTASKS*DDSIHSTFASRYVRN	TASKS(0.997)DDS(0.003)IHSTFASR
48	UID2922	AT4G01290.2	unknown protein;FUNCTIONS IN: molecular_function unknown;INVOLVED IN: biological_process unknown;LOCATED IN: cellular_component unknown;EXPRESSED IN: 24 plant structures;EXPRESSED DURING: 15 growth stages;Has 1797 Blast hits to 1352 proteins in 216		S359	0.996581	TSVNNGGKPLGIKIGS*SEMLIEGEDVRVSST	IGS(0.997)S(0.003)EMLIEGEDVR
49	UID199	AT1G59610.1	dynamin-like protein 6;dynamin-like 3	DRP2B	S719	0.999769	ARGGQVGSASMRQSLS*EGSLDKMVRKPVDPE	QSLS(1)EGSLDK
50	UID1680	AT2G37550.2	ARF-GAP domain 7;ARF-GAP domain 7	AGD7	S173	1	DNDDSFRSTDMRRNQS*AGDFRSSGGRGAPAK	RNQS(1)AGDFR
51	UID1123	AT1G79570.1	Protein kinase superfamily protein with octicosapeptide/Phox/Bem1p domain	PB1K2	S155	0.999839	NHVQSAPQALLSKDSS*VGNLHGYKNTSSSAS	DSS(1)VGNLHGYK
52	UID4049	AT5G39570.1	Phospholipase D-regulated protein 1	PLDrp1	S276	0.999997	EEQEEGSYRKPSYGRS*DDQVESYIKPSYGRS	S(1)DDQVESYIKPSYGR
53	UID3584	AT5G07290.1	MEI2-like 4	AML4	S426	0.990102	SIDGGSIRGMHNSVGS*PMNSFIERHQSLDVP	GMHNS(0.011)VGS(0.99)PMNS(0.999)FIER
54	UID2398	AT3G26730.1	RING/U-box superfamily protein		S430	0.992636	YSKVCTTARNQTQSLS*PPDVSRVGYQAPMGG	NQTQS(0.004)LS(0.993)PPDVS(0.004)R
55	UID4446	AT5G61960.2	MEI2-like protein 1;MEI2-like protein 1	AML1	S541	0.992369	HNVRGVEGFSGGGIGS*PMHQSSRRPINLWSN	GVEGFS(0.003)GGGIGS(0.992)PMHQS(0.003)S(0.002)R
56	UID4414	AT5G60170.1	RNA binding (RRM/RBD/RNP motifs) family protein;RNA binding (RRM/RBD/RNP motifs) family protein	NOT4-like1	S886	0.999777	SAQQVNGFHHDLRNLS*PSLNDPYGFSSRLMD	NLS(1)PSLNDPYGFSSR
57	UID9586	AT5G67220.1	FMN-linked oxidoreductases superfamily protein	DUS1p	S61	0.96562	QRDGQIEETVDTAPAS*LGSPSRVLSIDTRVE	DGQIEET(0.002)VDT(0.029)APAS(0.966)LGS(0.913)PS(0.091)R
58	UID9587	AT5G67220.1	FMN-linked oxidoreductases superfamily protein	DUS1p	S64	0.912814	GQIEETVDTAPASLGS*PSRVLSIDTRVERAW	DGQIEET(0.002)VDT(0.029)APAS(0.966)LGS(0.913)PS(0.091)R
59	UID4115	AT5G43870.1	Plant protein of unknown function (DUF828) with plant pleckstrin homology-like region	PH-DUF828	S50	0.999624	TWSASATEVSRAVVAS*PPTSQPPQMRFSEIQ	AVVAS(1)PPTSQPPQMR
60	UID2311	AT3G21100.2	RNA-binding (RRM/RBD/RNP motifs) family protein		S297	0.999985	RSGAGQFGEEGYWFGS*PGRHERDEFMGMGDK	SGAGQFGEEGYWFGS(1)PGR
61	UID4447	AT5G61960.2	MEI2-like protein 1;MEI2-like protein 1	AML1	S681	0.999972	GGNRMDVNSQNAVLRS*PQQLSHLFPGRSPMG	S(1)PQQLSHLFPGR
62	UID7608	AT3G50370.1	unknown protein;FUNCTIONS IN: molecular_function unknown;INVOLVED IN: biological_process unknown;LOCATED IN: cellular_component unknown;EXPRESSED IN: 26 plant structures;EXPRESSED DURING: 15 growth stages;Has 27734 Blast hits to 16708 proteins in 12		S302	0.995977	PVSGGGREANAWRVSS*PLQNEGANHNNYGAR	VS(0.004)S(0.996)PLQNEGANHNNYGAR
63	UID4521	AT5G64400.1	CONTAINS InterPro DOMAIN/s: CHCH (InterPro:IPR010625);BEST Arabidopsis thaliana protein match is: Cox19-like CHCH family protein (TAIR:AT5G09570.1);Has 1807 Blast hits to 1807 proteins in 277 species: Archae - 0;Bacteria - 0;Metazoa - 736;Fungi - 347	At12Cys_1	S21	1	SGGRSAPRPRPAAARS*PAPQPVHRAPPPAPA	S(1)PAPQPVHR
64	UID3745	AT5G14540.1	Protein of unknown function (DUF1421)		S101	0.996558	WDASDPKPVSASSARS*YGSMDSLEPSKLFAE	S(0.997)Y(0.003)GSMDSLEPSK
65	UID2175	AT3G13460.1	evolutionarily conserved C-terminal region 2;evolutionarily conserved C-terminal region 2;evolutionarily conserved C-terminal region 2;evolutionarily conserved C-terminal region 2	ECT2	S268	0.949491	PWHDGSKYSDVQRPVS*GSGVASSYSKSSTVP	YSDVQRPVS(0.949)GS(0.051)GVASSYSK
66	UID2391	AT3G26400.1	eukaryotic translation initiation factor 4B1	eIF4B1	S486	0.999655	SERTHSRAGSIDETRS*FESTERPRSRGAVDA	S(1)FESTERPR
67	UID3767	AT5G15030.1	Paired amphipathic helix (PAH2) superfamily protein;Paired amphipathic helix (PAH2) superfamily protein		S171	1	KEIDGSGSQNQHPVGS*PRNELQGQSPKPGNG	RIGDKEIDGSGSQNQHPVGS(1)PR
68	UID1684	AT2G37840.2	Protein kinase superfamily protein;Protein kinase superfamily protein	ATG1c	S311	0.983304	SSSSSKPYNFPFKSQS*PPVELFNRSISSTAP	S(0.017)QS(0.983)PPVELFNR
69	UID3965	AT5G24640.1	unknown protein;BEST Arabidopsis thaliana protein match is: unknown protein (TAIR:AT2G41730.1);Has 1807 Blast hits to 1807 proteins in 277 species: Archae - 0;Bacteria - 0;Metazoa - 736;Fungi - 347;Plants - 385;Viruses - 0;Other Eukaryotes - 339 (		S31	0.918689	IHPRGFNPRHTNRLDS*PPVFGDFTKMQPKTT	HT(0.081)NRLDS(0.919)PPVFGDFTK
70	UID3093	AT4G15410.1	serine/threonine protein phosphatase 2A 55 kDa regulatory subunit B prime gamma	PUX5	S204	0.891748	SAVDRPVEPSRSASTS*FTGAARLLSGEAVSS	SAS(0.004)T(0.052)S(0.892)FT(0.052)GAAR
71	UID4448	AT5G61960.2	MEI2-like protein 1;MEI2-like protein 1	AML1	S433	0.93139	SSDGGSMRVIHNSIGS*PVNSFIERHRSLSIP	VIHNS(0.061)IGS(0.931)PVNS(0.007)FIER
72	UID1963	AT3G03570.1	Protein of unknown function (DUF3550/UPF0682)		S348	0.810235	IGQISSSPLSARSATS*VEENILRDFESHTIK	S(0.094)AT(0.096)S(0.81)VEENILR
73	UID3901	AT5G20920.3	eukaryotic translation initiation factor 2 beta subunit;eukaryotic translation initiation factor 2 beta subunit;eukaryotic translation initiation factor 2 beta subunit	eIF2-Î²1	S49	0.804152	PVEDLAESSQTEKSDS*LPVNDGLESSFTGMK	S(0.196)DS(0.804)LPVNDGLESSFTGMK
74	UID4483	AT5G63640.1	ENTH/VHS/GAT family protein		S311	0.942496	QKRELKASNANTESSS*FISNRAHLKLEEEDE	ASNANTES(0.002)S(0.045)S(0.942)FIS(0.011)NR
75	UID6665	AT2G35350.1	poltergeist like 1	PLL1	S193	0.995504	SGPLDPPAGEISRSNS*AGVHFSAPLGGVYSK	S(0.004)NS(0.996)AGVHFSAPLGGVYSK
76	UID4751	AT2G43680.3	IQ-domain 14;IQ-domain 14;IQ-domain 14	IQD14	T592	1	AKVRPNSNPKERVMGT*PVSEKRRMSYPPTQD	VMGT(1)PVS(1)EK
77	UID3470	AT4G38130.2	histone deacetylase 1;histone deacetylase 1	ATHD1	S416	1	VDEDQEDGDKRWDPDS*DMDVDDDRKPIPSRV	WDPDS(1)DMDVDDDRKPIPSR
78	UID4474	AT5G63490.1	CBS / octicosapeptide/Phox/Bemp1 (PB1) domains-containing protein	AtCBSCBSPB1	S12	0.999998	____MASQGGPRRSLS*VTTASLHGKKKSMDM	SLS(1)VTTASLHGK
79	UID3542	AT5G04840.1	bZIP protein		S280	0.99999	YLGSTNNSNRLVRSYS*AGSNVAPRTASSHLD	SYS(1)AGSNVAPR
80	UID1742	AT2G40620.1	Basic-leucine zipper (bZIP) transcription factor family protein	bZIP18	S39	1	PTPAPVRGPYHRRAHS*EVQFRLPEDLDLSEP	RAHS(1)EVQFR
81	UID3746	AT5G14540.1	Protein of unknown function (DUF1421)		S104	0.999994	SDPKPVSASSARSYGS*MDSLEPSKLFAEKDR	SYGS(1)MDSLEPSK
82	UID3666	AT5G11710.1	ENTH/VHS family protein	EPSIN1	S234	0.997613	EEQSYTSKKSFSRYGS*TDHDNLSSGKKSPDS	Y(0.001)GS(0.998)T(0.002)DHDNLSSGK
83	UID3230	AT4G25880.2	pumilio 6;pumilio 6;pumilio 6	APUM6	S154	0.999174	VNSVSDRTDGLDIRLS*PGSQSLADFRQDDTS	LS(0.999)PGS(0.001)QSLADFR
84	UID3097	AT4G15545.1	unknown protein;BEST Arabidopsis thaliana protein match is: unknown protein (TAIR:AT1G16520.1);Has 30201 Blast hits to 17322 proteins in 780 species: Archae - 12;Bacteria - 1396;Metazoa - 17338;Fungi - 3422;Plants - 5037;Viruses - 0;Other Eukaryot		S240	0.995515	GTPKTTSRPISPRRHS*VSFATTRGMFDDTRS	RHS(0.996)VS(0.004)FATTR
85	UID1681	AT2G37550.2	ARF-GAP domain 7;ARF-GAP domain 7	AGD7	S191	0.999964	DFRSSGGRGAPAKSKS*SEDIYSRSQLEASAA	SKS(1)SEDIYSR
86	UID3080	AT4G14740.2	Plant protein of unknown function (DUF828) with plant pleckstrin homology-like region;Plant protein of unknown function (DUF828) with plant pleckstrin homology-like region		S33	0.994621	PETPLEPMEFLARSWS*VSALEVSKALTPPNP	S(0.002)WS(0.995)VS(0.003)ALEVSK
87	UID3669	AT5G11980.1	conserved oligomeric Golgi complex component-related / COG complex component-related		S520	0.988816	GRILAASSSQEPSNKS*PKVISTDTKDASENG	ILAASSSQEPS(0.011)NKS(0.989)PK
88	UID5029	AT5G65690.1	phosphoenolpyruvate carboxykinase 2	PCK2	T131	0.930601	RGDPTSAAKVAHVPVT*PTSLPAADVSDSGLK	VAHVPVT(0.931)PT(0.069)SLPAADVSDSGLK
89	UID2720	AT3G55620.1	Translation initiation factor IF6	eIF6A	S231	0.946348	SVIDSIFKLREAQPSS*IVDEMRKSLIDTYV_	EAQPS(0.054)S(0.946)IVDEMR
90	UID2536	AT3G49590.2	Autophagy-related protein 13;Autophagy-related protein 13;Autophagy-related protein 13	ATG13	S558	0.999999	SSTYMASMSGVQREGS*VSGTESEFSMARSTS	EGS(1)VSGTESEFSMAR
91	UID2842	AT3G61960.2	Protein kinase superfamily protein;Protein kinase superfamily protein	ATG1a	S419	0.977096	QKPLSDVSGPRPASVS*YLLTEVQRLTIVHPP	PAS(0.009)VS(0.977)Y(0.012)LLT(0.002)EVQR
92	UID498	AT1G29400.2	MEI2-like protein 5;MEI2-like protein 5	AML5	S390	0.975585	SPLQSVLSRSPVFGLS*PTRNGHLSGLASALN	S(1)PVFGLS(0.976)PT(0.024)R
93	UID1174	AT1G80950.1	Phospholipid/glycerol acyltransferase family protein	AtLPEAT1	S28	0.993186	NPPSSKEDRPLLKSES*DLAAAIEELDKKFAP	S(0.007)ES(0.993)DLAAAIEELDKK
94	UID9862	AT3G54610.1	histone acetyltransferase of the GNAT family 1	BGT	T19	0.992869	HSSHLNAANRSRSSQT*PSPSHSASASVTSSL	S(0.001)S(0.001)QT(0.993)PS(0.81)PS(0.161)HS(0.034)AS(0.001)ASVTSSLHK
95	UID1092	AT1G78880.1	Ubiquitin-specific protease family C19-related protein		S171	0.955965	SGAPRKISGPLDYSGS*MKTHMPSVVHNQAVT	ISGPLDYS(0.044)GS(0.956)MK
96	UID1565	AT2G29700.1	pleckstrin homologue 1	AtPH1	S132	0.990029	EWINSIGRSIVQHSRS*VTDSEVLDYDHRR__	S(0.99)VT(0.01)DSEVLDYDHR
97	UID2795	AT3G60240.2	eukaryotic translation initiation factor 4G;eukaryotic translation initiation factor 4G;eukaryotic translation initiation factor 4G	eIF4G	S176	0.99806	FGSLGPDLMVPARTTS*APPNMDDQKRAQMQQ	T(0.001)T(0.001)S(0.998)APPNMDDQK
98	UID4721	AT2G29140.1	pumilio 3	APUM3	T257	1	YCYAAVLGSSLSRNGT*PDPQGIARVPSPCLT	NGT(1)PDPQGIAR
99	UID1758	AT5G24640.1	unknown protein;BEST Arabidopsis thaliana protein match is: unknown protein (TAIR:AT5G24640.1);Has 25 Blast hits to 25 proteins in 5 species: Archae - 0;Bacteria - 0;Metazoa - 0;Fungi - 0;Plants - 25;Viruses - 0;Other Eukaryotes - 0 (source: NCBI		S88	0.999981	HKSKGRRKLQPTSWWS*EDKLDRLIGSDSSSA	LQPTSWWS(1)EDKLDR
100	UID4723	AT2G29190.2	pumilio 2;pumilio 2;pumilio 1	APUM2	T269	1	YSYAAVLGSSLSRNGT*PDPQAIARVPSPCLT	NGT(1)PDPQAIAR
101	UID3805	AT5G16730.1	Plant protein of unknown function (DUF827);Plant protein of unknown function (DUF827);Plant protein of unknown function (DUF827)		S772	1	DDKDDSVEVIFKMWES*CQIEKKEAFPDKKSE	MWES(1)CQIEK
102	UID4687	AT2G01460.2	P-loop containing nucleoside triphosphate hydrolases superfamily protein;P-loop containing nucleoside triphosphate hydrolases superfamily protein		T414	0.999989	NFCKLTHFAGVPRLNT*PPLLQPSPVITNQEK	LNT(1)PPLLQPSPVITNQEK
103	UID415	AT1G22920.1	COP9 signalosome 5A;COP9 signalosome 5A	AJH1	S287	0.992799	DLAEKLEQAESQLANS*RYGGIAPAGHQRRKE	LEQAES(0.007)QLANS(0.993)R
104	UID4308	AT5G54430.1	Adenine nucleotide alpha hydrolases-like superfamily protein	ATPHOS32	S233	0.774369	KSGGDDDGDVVAASAS*AHHEHIKDE______	SGGDDDGDVVAAS(0.226)AS(0.774)AHHEHIKDE
105	UID1625	AT2G35340.1	helicase domain-containing protein	MEE29	S156	0.999904	VVIVREDKRNVRRKVS*EDEDDGTESEEERLR	VS(1)EDEDDGTESEEERLR
106	UID554	AT1G32700.2	PLATZ transcription factor family protein;PLATZ transcription factor family protein	PLATZ TF	S115	0.985771	SGISKKKRKEWTNNLS*DSDDSYSSTSIGRLK	EWTNNLS(0.986)DS(0.014)DDSYSSTSIGR
107	UID4906	AT4G28300.2	Protein of unknown function (DUF1421);Protein of unknown function (DUF1421)		T136	1	SSSSSHSQHGEDRVAT*PVPEPKKSENTSDAH	VAT(1)PVPEPK
108	UID4070	AT5G41100.2	FUNCTIONS IN: molecular_function unknown;INVOLVED IN: biological_process unknown;LOCATED IN: plasma membrane;EXPRESSED IN: 23 plant structures;EXPRESSED DURING: 13 growth stages;BEST Arabidopsis thaliana protein match is: hydroxyproline-rich glycopro		S476	1	LPRPPGQFAPPRRSKS*PGLVGHSAPLTAWNQ	S(1)PGLVGHSAPLTAWNQER
109	UID2088	AT3G10360.1	pumilio 4	APUM4	S60	0.787759	FGRERERDIDVHRSGS*APPTVEGLLRAMDNQ	S(0.212)GS(0.788)APPT(0.001)VEGLLR
110	UID2029	AT3G07660.1	Kinase-related protein of unknown function (DUF1296)	GIP1like	S554	0.999674	YAQFYRSGPDSDGRVS*PFVSPGVASKFNGIT	SGPDSDGRVS(1)PFVSPGVASK
111	UID3768	AT5G15070.1	Phosphoglycerate mutase-like family protein;Phosphoglycerate mutase-like family protein	VIP2	S681	1	YDVVPPYDQAKALGKS*NIDVGRIAAGLPCGS	ALGKS(1)NIDVGR
